{
  "entidades": {
    "mecanicabase.model.operacao.Servico": [],
    "mecanicabase.model.financeiro.CategoriaDespesa": [],
    "mecanicabase.model.operacao.Elevador": [
      null,
      null,
      null,
      {
        "tipo": "ALINHAMENTO_E_BALANCEAMENTO",
        "id": "f7a0c7d4-6b0d-4b2b-8bb4-805aa658f0a7",
        "criadoEm": "2025-06-08T16:48:57.6462499",
        "atualizadoEm": "2025-06-08T16:48:57.6462499"
      },
      {
        "tipo": "GERAL",
        "id": "c9f71b51-a6f7-4bda-b1c7-d6636a95bda1",
        "criadoEm": "2025-06-08T16:48:57.6462499",
        "atualizadoEm": "2025-06-08T16:48:57.6462499"
      },
      {
        "tipo": "GERAL",
        "id": "1d398079-8087-4aa7-a118-e599296871ec",
        "criadoEm": "2025-06-08T16:48:57.6462499",
        "atualizadoEm": "2025-06-08T16:48:57.6462499"
      }
    ],
    "mecanicabase.model.financeiro.ServicoItem": [],
    "mecanicabase.model.usuarios.Administrador": [
      {
        "senha": "a9teEPoVlp1C45T/36IPWQ\u003d\u003d",
        "nome": "Admin",
        "email": "Admin",
        "id": "8448177d-65cb-4a42-8608-de65099b2f34",
        "criadoEm": "2025-06-08T16:48:57.6473378",
        "atualizadoEm": "2025-06-08T16:48:57.6473378"
      }
    ],
    "mecanicabase.model.financeiro.Despesa": [],
    "mecanicabase.model.operacao.Peca": [],
    "mecanicabase.model.financeiro.PecaItem": [],
    "mecanicabase.model.usuarios.Cliente": [],
    "mecanicabase.model.operacao.Veiculo": [],
    "mecanicabase.model.usuarios.Funcionario": [],
    "mecanicabase.model.financeiro.Agendamento": []
  }
}