{
  "entidades": {
    "mecanicabase.model.operacao.Servico": [],
    "mecanicabase.model.financeiro.CategoriaDespesa": [],
    "mecanicabase.model.operacao.Elevador": [
      null,
      null,
      null,
      {
        "tipo": "ALINHAMENTO_E_BALANCEAMENTO",
        "id": "413587cd-e0a4-4e0b-9cbe-47a99da0eb5d",
        "criadoEm": "2025-06-26T12:02:51.9468041",
        "atualizadoEm": "2025-06-26T12:02:51.9468041"
      },
      {
        "tipo": "GERAL",
        "id": "5fabf7cf-7e91-45b7-a005-bbbc6c2d58c3",
        "criadoEm": "2025-06-26T12:02:51.9468041",
        "atualizadoEm": "2025-06-26T12:02:51.9468041"
      },
      {
        "tipo": "GERAL",
        "id": "5d10970c-298f-40a7-bb42-59ee9aae5b7f",
        "criadoEm": "2025-06-26T12:02:51.9468041",
        "atualizadoEm": "2025-06-26T12:02:51.9468041"
      }
    ],
    "mecanicabase.model.financeiro.ServicoItem": [],
    "mecanicabase.model.usuarios.Administrador": [
      {
        "senha": "pelkP5tW0vu4wVUxJkbxfg\u003d\u003d",
        "nome": "Admin",
        "email": "Admin",
        "id": "2bc7f7c9-9c19-4244-8933-0cc51a9c5d1a",
        "criadoEm": "2025-06-26T12:02:51.9498042",
        "atualizadoEm": "2025-06-26T12:02:51.9498042"
      }
    ],
    "mecanicabase.model.financeiro.Despesa": [],
    "mecanicabase.model.operacao.Peca": [],
    "mecanicabase.model.financeiro.PecaItem": [],
    "mecanicabase.model.usuarios.Cliente": [],
    "mecanicabase.model.operacao.Veiculo": [],
    "mecanicabase.model.usuarios.Funcionario": [],
    "mecanicabase.model.financeiro.Agendamento": []
  }
}